year,AR
2000,NA
2001,NA
2002,NA
2003,0.25
2004,0.19298245614035087
2005,0.07407407407407407
2006,0.028037383177570093
2007,0.03125
2008,0.3493975903614458
2009,0.17098445595854922
2010,0.009009009009009009
2011,0.068
2012,0.06
