year,AR
2000,NA
2001,NA
2002,NA
2003,0.13333333333333333
2004,0.20588235294117646
2005,0.08333333333333333
2006,0.8596491228070176
2007,0.16216216216216217
2008,0.034482758620689655
2009,0.1836734693877551
2010,0.06912442396313365
2011,0.036
2012,0.02
