year,AR
2000,NA
2001,NA
2002,NA
2003,0.17391304347826086
2004,0.16326530612244897
2005,0.06493506493506493
2006,0.41346153846153844
2007,0.1347517730496454
2008,0.04678362573099415
2009,0.0049504950495049506
2010,0.21929824561403508
2011,0.056
2012,0.024
