year,AR
1987,NA
1997,NA
2002,NA
2006,0.1891891891891892
2009,0.16374269005847952
2012,0.068
2003,0.412
2004,0.136
2005,0.048
2007,0.008
2008,0.28
2010,0.068
2011,0.04
