year,AR
1987,NA
1997,NA
2002,NA
2003,NA
2004,NA
2005,NA
2006,0.40540540540540543
2007,0.12987012987012986
2008,0.049586776859504134
2009,0.005847953216374269
2010,0.20642201834862386
2011,0.048
2012,0.036
