year,AR
2000,NA
2001,NA
2002,NA
2003,0.17391304347826086
2004,0.0625
2005,0.41333333333333333
2006,0.13725490196078433
2007,0.050359712230215826
2008,0.011834319526627219
2009,0.28
2010,0.06167400881057269
2011,0.028
2012,0.068
