"","x_coord","y_coord","inf_times"
"1",4.815724816,-0.009049774,1987
"2",3.728501229,0.316742081,1997
"3",2.825552826,-1.556561086,2002
"4",2,-1.3,2003
"5",1.5,-1,2004
"6",-2.5,0.3,2005
"7",-3.366093366,0.615384615,2006
"8",-3.421375921,0.045248869,2007
"9",-3.531941032,-0.850678733,2008
"10",-3.679361179,-1.773755656,2009
"11",-3.808353808,-1.895927602,2010
"12",-3.974201474,-2.031674208,2011
"13",-4.14004914,-2.180995475,2012
